timestamp,sensor_id,temperature,pressure,humidity
2025-11-21 00:00:00,S1,25.45199454818806,1000.3533128003767,28.784440586111828
2025-11-21 00:01:00,S1,26.679494875795427,1019.4908885391735,52.92993527451956
2025-11-21 00:02:00,S1,24.977545113240723,1020.2208653927448,39.34436275134974
2025-11-21 00:03:00,S1,21.724011928573223,1003.4774396406741,50.918057745806735
2025-11-21 00:04:00,S1,25.9931563179296,1013.8771053765006,50.638563013341425
2025-11-21 00:05:00,S1,24.61149722353193,1019.9429556072209,51.20589933890711
2025-11-21 00:06:00,S1,24.587522082088267,1019.1508065672857,46.05578152921479
2025-11-21 00:07:00,S1,20.444099164378883,1017.1803052557976,45.727143743922674
2025-11-21 00:08:00,S1,26.59496840895663,999.7637356005124,42.792095810635615
2025-11-21 00:09:00,S1,25.290408120570916,1016.6477138331791,54.8389231724189
2025-11-21 00:10:00,S1,28.590329113277928,1011.9094805081303,58.05192674780948
2025-11-21 00:11:00,S1,24.850984706937655,1017.9792876435924,37.810274774638735
2025-11-21 00:12:00,S1,26.132680261038043,1014.2808072921691,49.48371527707731
2025-11-21 00:13:00,S1,26.663636352210524,1012.9005919485556,51.96582073487738
2025-11-21 00:14:00,S1,21.507676882677618,1016.2045192470462,51.83771134623042
2025-11-21 00:15:00,S1,30.233399893203185,1012.1404331446412,51.66769619596518
2025-11-21 00:16:00,S1,24.138415224154766,1012.8786136005402,45.97965189654776
2025-11-21 00:17:00,S1,25.98913320428497,1010.2238800043561,52.79030425462539
2025-11-21 00:18:00,S1,26.2811640138983,1004.9729550440771,56.1802871098362
2025-11-21 00:19:00,S1,23.370431744019406,1015.8392673688563,51.41036655822564
2025-11-21 00:20:00,S1,28.693960662895208,1008.9698484016471,55.05939836533724
2025-11-21 00:21:00,S1,25.531910538708864,1011.9960406697963,59.90353411037507
2025-11-21 00:22:00,S1,24.573054726185333,1014.4348697922696,31.49059642104732
2025-11-21 00:23:00,S1,25.277015924776883,1002.5739117821728,59.43463841865368
2025-11-21 00:24:00,S1,26.528504397218047,1003.6932554816159,53.424277652212744
2025-11-21 00:25:00,S1,25.0215963296194,1011.501307116954,38.883746722612734
2025-11-21 00:26:00,S1,26.76385982076648,1015.2728174114983,58.02470882319689
2025-11-21 00:27:00,S1,21.630255722064522,1016.7201913532458,46.016790939760384
2025-11-21 00:28:00,S1,23.50406002034702,1005.0434275206204,47.38033563681447
2025-11-21 00:29:00,S1,20.722399370381368,1016.183157422064,44.92320217534338
2025-11-21 00:30:00,S1,28.99401631368589,1011.7746519084183,90.0
2025-11-21 00:31:00,S1,28.96798425536987,1008.5842137745176,42.14646857487947
2025-11-21 00:32:00,S1,26.253232135065968,1009.7572407197032,59.01474629947786
2025-11-21 00:33:00,S1,22.974763858173937,1017.0092866602008,48.611374128053285
2025-11-21 00:34:00,S1,29.779756544436648,1014.3700289254278,46.35797516512063
2025-11-21 00:35:00,S1,23.791171043736576,1013.2515326137766,57.5287567761397
2025-11-21 00:36:00,S1,24.57358574618967,1014.2174786940395,46.804432376809196
2025-11-21 00:37:00,S1,25.319066811461443,1017.6404888830809,59.48176825362301
2025-11-21 00:38:00,S1,25.90303188403794,1012.5145021629834,59.795929508408655
2025-11-21 00:39:00,S1,26.28760520340864,1013.2715944322712,36.65196161781023
2025-11-21 00:40:00,S1,26.3679232749489,1018.690853700689,61.09260202222924
2025-11-21 00:41:00,S1,24.710951829292192,1011.3420668786842,35.37964028498114
2025-11-21 00:42:00,S1,26.336201903513427,1016.0907029764035,61.71580526882511
2025-11-21 00:43:00,S1,24.621584681008645,1010.4814775966342,70.28357192230239
2025-11-21 00:44:00,S1,26.15860687374444,1010.9206632929411,58.748344382691315
2025-11-21 00:45:00,S1,25.99458355566155,1012.4797512160018,28.43019355300327
2025-11-21 00:46:00,S1,26.52569458159624,1015.5763642649338,60.63565719386018
2025-11-21 00:47:00,S1,26.275933398041932,1018.9709098127554,72.46128965936012
2025-11-21 00:48:00,S1,24.115135250177406,1013.4827263176938,46.969683590019706
2025-11-21 00:49:00,S1,25.917420343118025,1005.5008154433823,49.6529667997011
2025-11-21 00:50:00,S1,50.0,1016.1572314676697,38.11513278073568
2025-11-21 00:51:00,S1,22.417751222102588,1025.2692108707286,53.12079418819669
2025-11-21 00:52:00,S1,24.451911285537943,1013.5433441553367,62.69177182543129
2025-11-21 00:53:00,S1,26.21622778243667,1004.4561618041021,56.97737128149454
2025-11-21 00:54:00,S1,28.418584989459244,1013.8482644473543,81.419669772878
2025-11-21 00:55:00,S1,26.649800372257467,1012.9849369840808,50.33027042965797
2025-11-21 00:56:00,S1,28.54475597395519,1012.564455783188,33.69326632584736
2025-11-21 00:57:00,S1,24.203253219646104,1017.7270494998857,51.709709715682195
2025-11-21 00:58:00,S1,25.500380984495287,1019.8913739316786,25.835482347875104
2025-11-21 00:59:00,S1,26.611470599052236,1016.4179287260055,44.66896075135487
2025-11-21 01:00:00,S1,20.347296573000445,1012.3347095766446,66.24382058600212
2025-11-21 01:01:00,S1,28.021606436229053,1018.6283939218481,53.25133648631771
2025-11-21 01:02:00,S1,21.27818023829071,1005.5308517939288,51.79416812831269
2025-11-21 01:03:00,S1,26.993880136556808,1009.41971939633,68.20780376715356
2025-11-21 01:04:00,S1,26.373663581085292,1009.9768611069914,47.2940010833663
2025-11-21 01:05:00,S1,20.320813994970226,1012.8452467603403,62.61820412934109
2025-11-21 01:06:00,S1,20.421877486134004,1015.5336733124342,51.2930697516634
2025-11-21 01:07:00,S1,27.864963834905012,1011.9964352583136,53.80047463459026
2025-11-21 01:08:00,S1,27.429444119373095,1008.4698210274886,37.82695144136987
2025-11-21 01:09:00,S1,23.238272711023477,1017.8742514234807,45.17953205171783
2025-11-21 01:10:00,S1,23.23624220991187,1025.0,36.024817671561266
2025-11-21 01:11:00,S1,26.02520994475244,1013.5106446043552,49.04754921774655
2025-11-21 01:12:00,S1,24.974511699023264,1015.7553387273796,53.90402343916267
2025-11-21 01:13:00,S1,27.108790431698228,1013.1943880396148,38.89961894908548
2025-11-21 01:14:00,S1,25.959161848866174,1013.2163584737215,70.49178922684823
2025-11-21 01:15:00,S1,28.16606158791307,1018.1523671021791,52.78106019091961
2025-11-21 01:16:00,S1,26.940155555827452,1013.7568473728519,50.577955855852196
2025-11-21 01:17:00,S1,26.441546098281155,1017.3139849289524,57.696577513456255
2025-11-21 01:18:00,S1,24.29575055939265,1015.7233372215919,41.71071919134078
2025-11-21 01:19:00,S1,24.149357531676312,1023.0844377209346,51.63477479167453
2025-11-21 01:20:00,S1,24.896482030589397,1015.0470670893457,42.83133779642409
2025-11-21 01:21:00,S1,28.681886139874415,1016.1898663507538,65.58679910088983
2025-11-21 01:22:00,S1,24.187450541220432,1018.5082835699818,39.41360650602918
2025-11-21 01:23:00,S1,25.521057974148032,1013.3180887997509,50.63165459307174
2025-11-21 01:24:00,S1,20.51039418458538,1009.8107345163528,53.293157851517755
2025-11-21 01:25:00,S1,26.35161746008816,1010.6292720943827,53.948257444077015
2025-11-21 01:26:00,S1,29.514396562186278,1010.6774653724875,44.187648269171675
2025-11-21 01:27:00,S1,23.13272378147415,1008.2483451590164,41.044905978549025
2025-11-21 01:28:00,S1,31.348884274253518,1014.5890258460095,44.33204826953901
2025-11-21 01:29:00,S1,25.364481209313308,1009.8524172597546,55.28325434210282
2025-11-21 01:30:00,S1,19.85413751723131,1013.9742641060093,48.56154229088036
2025-11-21 01:31:00,S1,24.22892352006418,1012.2066277814469,57.96208808452521
2025-11-21 01:32:00,S1,27.660877126538168,1012.7918925335374,54.770037193950735
2025-11-21 01:33:00,S1,28.99863441249961,1015.7802832391443,27.230873019003923
2025-11-21 01:34:00,S1,26.436197096503367,1010.2905043780572,52.47497796837211
2025-11-21 01:35:00,S1,28.135188841757937,1016.1944552296839,72.50454767816271
2025-11-21 01:36:00,S1,22.644428917015293,1020.8365393331948,63.25269051038331
2025-11-21 01:37:00,S1,23.639476825612185,1014.7155454147588,54.22013160706969
2025-11-21 01:38:00,S1,21.64108143599642,1009.0895215736376,39.406078695300565
2025-11-21 01:39:00,S1,23.789873848016192,1009.924909943301,54.77553716125646
2025-11-21 01:40:00,S1,26.523837972871334,1011.7586854960745,57.39749939878259
2025-11-21 01:41:00,S1,25.425311524766038,1010.0255485146522,47.46253319172416
2025-11-21 01:42:00,S1,26.735698073326365,1008.0440984519497,53.16742058804437
2025-11-21 01:43:00,S1,23.126971965006526,1013.7720363848084,65.0966245839604
2025-11-21 01:44:00,S1,23.248949946376268,1011.894013341371,41.42725580258274
2025-11-21 01:45:00,S1,25.409220419049827,1013.9486044177903,39.41700395040873
2025-11-21 01:46:00,S1,23.79470438938937,1018.9319370610765,56.92699325994213
2025-11-21 01:47:00,S1,27.60369833632019,1011.8182358303782,54.5754263619808
2025-11-21 01:48:00,S1,23.745162231245047,1007.0728999765985,60.28838295412812
2025-11-21 01:49:00,S1,24.009221514137508,1011.0055375387323,55.697938119037694
2025-11-21 01:50:00,S1,25.837678827736973,1016.8521260855832,44.32244936825806
2025-11-21 01:51:00,S1,24.221423616545014,1016.3838513535848,54.32192651465405
2025-11-21 01:52:00,S1,22.530111212925174,1015.5931982380679,38.57873456703827
2025-11-21 01:53:00,S1,22.801288350335824,1009.8764663841895,47.49681288267006
2025-11-21 01:54:00,S1,26.07553191681391,1016.7595130901635,55.02799230966404
2025-11-21 01:55:00,S1,22.28257697087588,1017.8844953901853,46.394857832761105
2025-11-21 01:56:00,S1,27.79432885509762,1009.5228918505501,74.68052182229826
2025-11-21 01:57:00,S1,23.6192014313965,1012.7921495122873,31.07815751176333
2025-11-21 01:58:00,S1,26.232431633936123,1023.1020098184106,44.52509643001189
2025-11-21 01:59:00,S1,23.73917475194073,1009.3006286176831,40.62220166130089
2025-11-21 02:00:00,S1,5.0,1004.4745666537814,42.996511925420464
2025-11-21 02:01:00,S1,25.492207364580363,1019.914522172324,43.57001776519122
2025-11-21 02:02:00,S1,27.1035669340318,1018.6830238585228,36.73579313141007
2025-11-21 02:03:00,S1,24.50526449827979,1010.7151633821129,57.52702148572627
2025-11-21 02:04:00,S1,24.86904529248508,1012.4350410906595,44.529047026128985
2025-11-21 02:05:00,S1,26.6148347221656,1006.8753247490553,51.63573335588655
2025-11-21 02:06:00,S1,26.681054500503112,1013.4447613630485,45.65174238089755
2025-11-21 02:07:00,S1,24.92301655996052,1018.829568576857,43.091195877137906
2025-11-21 02:08:00,S1,24.11304021502942,1010.2869757912086,66.7227923608685
2025-11-21 02:09:00,S1,25.165311918890062,1017.3855098939315,59.22932182209408
2025-11-21 02:10:00,S1,24.618177017223314,1015.3186192869522,31.317996000448552
2025-11-21 02:11:00,S1,25.625948303633702,1015.8890844544057,30.258625516641132
2025-11-21 02:12:00,S1,22.611459146308494,1010.5784540970682,60.42608835636487
2025-11-21 02:13:00,S1,25.554363158717493,1011.2268790853325,44.80146608451246
2025-11-21 02:14:00,S1,23.563393167658504,1003.766137827643,33.50917666065777
2025-11-21 02:15:00,S1,26.811775222981005,1010.1666529374495,60.45735132540341
2025-11-21 02:16:00,S1,23.655064301258967,1018.8174272901563,51.6912405009909
2025-11-21 02:17:00,S1,23.689780465618135,1008.3533390294887,52.515710848323195
2025-11-21 02:18:00,S1,25.89079764882348,1009.0984917307155,58.095392720059074
2025-11-21 02:19:00,S1,25.028423777632394,1016.2009491185356,36.900228417176066
2025-11-21 02:20:00,S1,29.553303252797676,1015.0138414599654,33.68499178615835
2025-11-21 02:21:00,S1,21.741394778891497,1016.4493162489815,65.80954294903202
2025-11-21 02:22:00,S1,25.219705893909488,1007.183897299548,35.62833239257708
2025-11-21 02:23:00,S1,27.25929896994474,1025.8202897465017,37.777622029244355
2025-11-21 02:24:00,S1,23.8433721541454,1006.9212331291637,39.77564620454234
2025-11-21 02:25:00,S1,23.17888431052024,1013.7712365686704,70.79945923690522
2025-11-21 02:26:00,S1,23.258270704707343,1012.2067225206571,54.93383300411523
2025-11-21 02:27:00,S1,21.77607764069983,1007.0667924131748,59.6540797443538
2025-11-21 02:28:00,S1,27.69940925462139,1011.1489528859338,51.96167545578729
2025-11-21 02:29:00,S1,24.340765316387184,1013.1165380044293,43.98112788798767
2025-11-21 02:30:00,S1,24.10394572039954,1009.7501339406826,56.312912832601675
2025-11-21 02:31:00,S1,20.751803851339652,1017.6861181076742,34.43384029203197
2025-11-21 02:32:00,S1,22.13258285507623,1012.1918712726876,39.04716547903505
2025-11-21 02:33:00,S1,27.93077951103819,1006.2936266449086,57.329751792614815
2025-11-21 02:34:00,S1,25.60621133220116,1005.8693723366536,36.4274476917322
2025-11-21 02:35:00,S1,27.33300165985021,1016.0308254530573,48.109185308381264
2025-11-21 02:36:00,S1,27.07998487965966,1005.5661460864983,48.56487655644588
2025-11-21 02:37:00,S1,22.99875943885412,1014.5821303652455,44.71337996662838
2025-11-21 02:38:00,S1,29.859695457307936,1015.2232759283348,30.48881525151143
2025-11-21 02:39:00,S1,28.89946519120246,1008.0232231803799,43.71071108811307
2025-11-21 02:40:00,S1,23.87246711575393,1017.4536904188744,41.750316230675146
2025-11-21 02:41:00,S1,17.863589401280237,1004.4110318811919,51.614398632876984
2025-11-21 02:42:00,S1,24.286935820111847,1014.4822946699928,51.10490538699469
2025-11-21 02:43:00,S1,25.476592524242896,1012.79571033202,53.77961459936874
2025-11-21 02:44:00,S1,23.86456193044862,1012.4050101213455,43.24013727025603
2025-11-21 02:45:00,S1,24.556955806630565,1007.1105167850972,55.22777950465892
2025-11-21 02:46:00,S1,23.342683927324412,1008.3148899780003,34.43993267226317
2025-11-21 02:47:00,S1,26.843269436707693,1021.094010125103,31.78095267347646
2025-11-21 02:48:00,S1,25.12726648073711,1019.0757750443588,26.64427275833372
2025-11-21 02:49:00,S1,26.903028125885907,1016.710422942619,45.007027604280026
2025-11-21 02:50:00,S1,27.444406692415875,1017.6992405176485,42.467017756614425
2025-11-21 02:51:00,S1,20.651352871826706,1017.2300677233563,57.893156118546
2025-11-21 02:52:00,S1,23.458955578331793,1011.3832189385689,43.5133741295113
2025-11-21 02:53:00,S1,23.751941412718914,1013.2380177590718,52.73376347944267
2025-11-21 02:54:00,S1,30.142744719377568,1005.6374581097949,58.132965765830775
2025-11-21 02:55:00,S1,25.29801073380065,1012.5515218659624,43.13680924350884
2025-11-21 02:56:00,S1,26.625121192726127,1018.917071247696,52.980522101071756
2025-11-21 02:57:00,S1,21.238616461450977,1009.6964637587143,60.019275489551944
2025-11-21 02:58:00,S1,25.286430904995044,1018.1157060234361,37.61837225194433
2025-11-21 02:59:00,S1,26.956585964232517,1013.4579286934688,50.24852338244644
2025-11-21 03:00:00,S1,26.723930170120312,1006.0731406716513,43.17965616800686
2025-11-21 03:01:00,S1,26.246798877832703,1007.4634024332685,38.25510117506862
2025-11-21 03:02:00,S1,25.02600101299025,1017.5965143485388,34.63548259509771
2025-11-21 03:03:00,S1,25.1231372412509,1015.762620426292,38.09351427821299
2025-11-21 03:04:00,S1,21.61346765058042,1013.5088203649382,50.60029005752012
2025-11-21 03:05:00,S1,23.198934229625713,1011.6298409287602,33.89155544438253
2025-11-21 03:06:00,S1,25.461887912776326,1014.0528398881429,44.49272975911363
2025-11-21 03:07:00,S1,23.568048386147588,1017.4014812462663,58.13194406852897
2025-11-21 03:08:00,S1,26.377676494065568,1020.3792664024364,54.49010963418936
2025-11-21 03:09:00,S1,25.933565100529727,1020.618420997203,44.69492377061843
2025-11-21 03:10:00,S1,27.734740509443988,1014.8597995037925,66.89690413358724
2025-11-21 03:11:00,S1,26.916507652305143,1012.1403415481774,68.9303641391166
2025-11-21 03:12:00,S1,25.454522818269137,1013.7312400390942,50.26122431539726
2025-11-21 03:13:00,S1,26.49596086812383,1015.6106017862754,25.314570841156918
2025-11-21 03:14:00,S1,27.01020432459931,1015.5903347192254,58.8644819701626
2025-11-21 03:15:00,S1,23.985125428184034,1019.5399331857005,27.060236599664144
2025-11-21 03:16:00,S1,24.341338003360395,1023.5787786095833,64.76146110720066
2025-11-21 03:17:00,S1,24.806347925213178,1011.9737268519295,60.835849007422986
2025-11-21 03:18:00,S1,24.0489389116713,1023.7794245441223,67.7421250413802
2025-11-21 03:19:00,S1,27.031373890126968,1018.8611962337919,52.60265558367727
2025-11-21 03:20:00,S1,23.745378916645393,1012.495885049074,46.38614232818162
2025-11-21 03:21:00,S1,27.50330294279965,1020.4928241943254,45.49898866309776
2025-11-21 03:22:00,S1,24.266053602239236,1021.4282415070958,44.537398289691026
2025-11-21 03:23:00,S1,25.944793285678717,1010.6985227790308,59.81068653674703
2025-11-21 03:24:00,S1,25.332830297525778,1021.6610762624282,57.12271489505878
2025-11-21 03:25:00,S1,23.048040383416666,1018.3754141051799,51.20225633434213
2025-11-21 03:26:00,S1,24.96022054101842,1024.842795639896,42.77818692073028
2025-11-21 03:27:00,S1,25.667287062901195,1010.8798070900025,76.29212631300273
2025-11-21 03:28:00,S1,24.871414625779003,1011.2328662813201,59.1237461396287
2025-11-21 03:29:00,S1,22.31458688298743,1002.8666893512833,34.02288080226591
2025-11-21 03:30:00,S1,28.40285848705234,1015.8559696028398,44.83743984062873
2025-11-21 03:31:00,S1,25.175398965723474,1014.8762562780936,59.31776097408706
2025-11-21 03:32:00,S1,23.411394849672956,1010.1850316423216,42.00461078767316
2025-11-21 03:33:00,S1,28.24153604693455,1012.5907463425597,53.51547958825889
2025-11-21 03:34:00,S1,26.23477961944065,1006.4438949491245,59.50796300336148
2025-11-21 03:35:00,S1,22.599660007196782,1018.9922247641584,16.11571917343607
2025-11-21 03:36:00,S1,22.911010507200242,1010.5515026273584,48.9196230021075
2025-11-21 03:37:00,S1,24.555210560224314,1028.4702450781047,49.31209153565122
2025-11-21 03:38:00,S1,25.594613957699647,1012.1219934964448,45.8792754431621
2025-11-21 03:39:00,S1,26.245599662927845,1009.2019057947584,53.016951349460406
2025-11-21 03:40:00,S1,26.900356959057135,1010.9384344063257,56.57519607495875
2025-11-21 03:41:00,S1,26.079144812800287,1005.9401951172788,51.42050944324609
2025-11-21 03:42:00,S1,27.693491957281992,1015.4113594535147,46.261726059505676
2025-11-21 03:43:00,S1,25.253586319360938,1010.9005015011044,56.326212997842696
2025-11-21 03:44:00,S1,23.480721239043554,1018.6562639519886,50.49053409274357
2025-11-21 03:45:00,S1,24.993298260682053,1011.6262625241279,47.692995868045216
2025-11-21 03:46:00,S1,24.862038679308416,1019.9222105584282,36.87720614661081
2025-11-21 03:47:00,S1,19.843569140675015,1016.7872787465852,34.373452147339215
2025-11-21 03:48:00,S1,23.877266281808684,1013.1429838835917,36.687702072859295
2025-11-21 03:49:00,S1,25.628407465900903,1020.9011629367541,52.78329061220215
2025-11-21 03:50:00,S1,24.151568869576426,1017.7614673051861,49.209212523936486
2025-11-21 03:51:00,S1,23.707581276354002,1027.731064133316,35.19715901792537
2025-11-21 03:52:00,S1,26.82275239160913,1010.952723775109,56.45917825793811
2025-11-21 03:53:00,S1,23.16690835044912,1013.3830805272923,63.74309513179095
2025-11-21 03:54:00,S1,26.423245300941645,1020.8435450550546,44.015063832836645
2025-11-21 03:55:00,S1,22.33451105842343,1005.2823109408245,32.59018142631626
2025-11-21 03:56:00,S1,30.521523871452366,1019.5847178161628,42.90873615098087
2025-11-21 03:57:00,S1,24.568628946197485,1015.1965137884074,58.54460626794694
2025-11-21 03:58:00,S1,24.353469421407887,1008.5589462227638,55.48529858534774
2025-11-21 03:59:00,S1,27.28613180577984,1006.1848017072444,40.775673139885214
2025-11-21 04:00:00,S1,24.162590318387103,1009.6375526343486,65.21172137764742
2025-11-21 04:01:00,S1,27.909855616651335,1001.5759021383722,63.48280065926399
2025-11-21 04:02:00,S1,25.743187660973053,1010.5523027815425,42.66993936723359
2025-11-21 04:03:00,S1,24.76320419890754,1016.1127816667129,42.567099970350334
2025-11-21 04:04:00,S1,24.54998819325925,1010.6184967951558,44.071720626205106
2025-11-21 04:05:00,S1,27.415184340860524,1019.941563507169,44.92667224611454
2025-11-21 04:06:00,S1,25.460974429207006,1021.2997380136264,59.505380079284436
2025-11-21 04:07:00,S1,25.864617462381542,1019.3782224131289,54.25329060476594
2025-11-21 04:08:00,S1,26.082003745207256,1014.1532045513218,58.77078769350587
2025-11-21 04:09:00,S1,25.265872370445383,1001.3766036375677,56.735651431867
2025-11-21 04:10:00,S1,26.039744452699967,1009.481512539837,67.14527068193732
2025-11-21 04:11:00,S1,24.76335315463802,1012.2898073661281,39.4061445619086
2025-11-21 04:12:00,S1,24.90038273634685,1008.5306617524759,53.803585303839164
2025-11-21 04:13:00,S1,22.761770143946585,1012.3024726225672,28.261787437653023
2025-11-21 04:14:00,S1,25.595520501836795,1021.0503373434669,36.83044425903142
2025-11-21 04:15:00,S1,21.56091798657556,1004.7711173524234,49.25146614065153
2025-11-21 04:16:00,S1,25.567116141221828,1022.0584602805951,54.18206612754536
2025-11-21 04:17:00,S1,24.438767967670373,1017.4236321087707,48.981842579704306
2025-11-21 04:18:00,S1,25.749170218901956,1014.3410840413885,44.32807581187322
2025-11-21 04:19:00,S1,22.902343331836647,1009.4319172212962,46.105821225069626
2025-11-21 04:20:00,S1,20.761285263922716,1008.6302482725429,63.694409764241044
2025-11-21 04:21:00,S1,24.298269386052922,1004.8689114270563,46.1596782211986
2025-11-21 04:22:00,S1,22.908174662285802,1021.583827401572,67.49241622043527
2025-11-21 04:23:00,S1,21.438886633579035,1020.6880578003702,57.940170735411336
2025-11-21 04:24:00,S1,26.53596653938914,1005.9685768570836,54.5753734614823
2025-11-21 04:25:00,S1,28.20247645428408,1010.236860025469,38.064030896790044
2025-11-21 04:26:00,S1,23.4060971284509,1015.1657238461595,59.35238161399627
2025-11-21 04:27:00,S1,24.84845834555709,1011.502454309139,45.06229422251501
2025-11-21 04:28:00,S1,24.384428766640376,1003.4066262148409,38.055602419943
2025-11-21 04:29:00,S1,23.682203156047596,1009.7111361972215,55.12843613079377
2025-11-21 04:30:00,S1,26.327474427776043,1022.7551714901001,36.1205393943346
2025-11-21 04:31:00,S1,27.020282920857237,1010.0501070479278,42.377585378704175
2025-11-21 04:32:00,S1,23.26278562146879,1012.182663316489,49.89884088531089
2025-11-21 04:33:00,S1,25.089533734189807,1007.2741128798231,72.18421424114727
2025-11-21 04:34:00,S1,27.569066067867787,1015.9388149264188,43.13084244207512
2025-11-21 04:35:00,S1,26.378072406429943,1013.5757589951229,45.41783480699425
2025-11-21 04:36:00,S1,26.675394876800976,1009.2899012922151,57.323450544216456
2025-11-21 04:37:00,S1,27.735970614884828,1006.4767230209628,37.61704311623954
2025-11-21 04:38:00,S1,27.709690344746498,1020.0227168700544,54.42806381020915
2025-11-21 04:39:00,S1,27.057285260606132,1004.9722829667946,62.05926807616588
2025-11-21 04:40:00,S1,25.28987482956236,1015.5190784779478,46.92905115288899
2025-11-21 04:41:00,S1,24.235033965083815,1002.2306037764421,60.26154281396866
2025-11-21 04:42:00,S1,25.20695553062637,1016.5360584150619,52.91449923211806
2025-11-21 04:43:00,S1,23.931186627953263,1017.8514944363003,42.69318036196219
2025-11-21 04:44:00,S1,21.095026253978634,1018.4739185581996,48.021953141034935
2025-11-21 04:45:00,S1,24.44100186839992,1012.1939576571507,46.202426600197576
2025-11-21 04:46:00,S1,25.71505248767444,1020.9200180278185,49.12361742183523
2025-11-21 04:47:00,S1,23.825461164467644,1024.5389584749803,51.52717899219829
2025-11-21 04:48:00,S1,24.614440425522783,1011.3918843197702,55.88199934971857
2025-11-21 04:49:00,S1,24.691926568066535,1010.7449748493503,55.08668249587136
2025-11-21 04:50:00,S1,27.713713548437777,1013.7458863017247,25.68286428737852
2025-11-21 04:51:00,S1,24.281125451950196,1010.6115992705289,49.02691811227973
2025-11-21 04:52:00,S1,27.713266764366907,1009.8806490199494,34.90578086593237
2025-11-21 04:53:00,S1,19.575019016304054,1010.3163072987925,47.242727475326745
2025-11-21 04:54:00,S1,27.695711562658072,1021.5787800400312,48.7621041218908
2025-11-21 04:55:00,S1,27.59481222972525,1016.8594099751772,59.76148358084709
2025-11-21 04:56:00,S1,26.80450934677838,1010.5952693637096,49.698845328999006
2025-11-21 04:57:00,S1,20.976163993592458,1000.7243748713886,52.5921801834326
2025-11-21 04:58:00,S1,27.03777399044496,1005.2776775319677,57.93056380657429
2025-11-21 04:59:00,S1,24.8997616486495,1015.5171454130094,62.277522598193
2025-11-21 00:00:00,S2,24.753972153286178,1014.4110382144497,43.045307686783865
2025-11-21 00:01:00,S2,25.188358883360817,1016.7328004784054,65.57098540624207
2025-11-21 00:02:00,S2,25.020046604484506,1011.1033504008084,55.56217578997503
2025-11-21 00:03:00,S2,23.91480207113785,1007.3066603076454,58.1223978093922
2025-11-21 00:04:00,S2,23.46176955311522,1006.4316734551384,43.43089399502526
2025-11-21 00:05:00,S2,20.45622816714813,1010.1037238357858,34.616300010318966
2025-11-21 00:06:00,S2,22.84667813095134,1008.2407476266269,57.06817429313734
2025-11-21 00:07:00,S2,21.442738333580394,1011.4819164734612,59.302561562419505
2025-11-21 00:08:00,S2,27.510396968906505,1019.5378940538,58.8499338608111
2025-11-21 00:09:00,S2,25.376832016594857,1011.1136089705816,52.090692301178656
2025-11-21 00:10:00,S2,24.748122054106332,1011.1117456933272,40.3293175652793
2025-11-21 00:11:00,S2,23.565029627837838,1012.9180061187211,74.3776958805973
2025-11-21 00:12:00,S2,25.05955852646925,1010.9718750439397,54.797874429841755
2025-11-21 00:13:00,S2,23.304040244689332,1012.663043821409,48.26113358410832
2025-11-21 00:14:00,S2,25.348037113241208,1015.7043461124067,48.30550762516632
2025-11-21 00:15:00,S2,25.491467965842705,1017.4237552738166,51.49597478073554
2025-11-21 00:16:00,S2,23.277232595286513,1018.0160659986951,60.696082621579805
2025-11-21 00:17:00,S2,23.23907607035519,1023.2842611036551,51.89628123305452
2025-11-21 00:18:00,S2,26.924398709190235,1015.8467972308622,58.58513153447497
2025-11-21 00:19:00,S2,24.8942800914174,1024.1723945067465,51.51397687893207
2025-11-21 00:20:00,S2,23.43795914147022,1009.1175909597018,48.87646108529619
2025-11-21 00:21:00,S2,24.258987396620963,1023.4564245121229,56.41250393328389
2025-11-21 00:22:00,S2,22.978811826586785,1011.098119728902,56.03286033673796
2025-11-21 00:23:00,S2,24.865632838676166,1011.5899053461849,48.30365880904845
2025-11-21 00:24:00,S2,26.663256615328937,1012.4006372628857,42.507930422857406
2025-11-21 00:25:00,S2,24.944658664811477,1011.9068964442064,53.41728914740435
2025-11-21 00:26:00,S2,29.72726688735077,1013.4292019836325,50.78348668962594
2025-11-21 00:27:00,S2,25.842719136098005,1010.0998599875578,44.451282872292424
2025-11-21 00:28:00,S2,25.459908895684425,1017.1498108653568,41.575995174632034
2025-11-21 00:29:00,S2,23.183395738068388,1010.2358248268941,54.104758438944565
2025-11-21 00:30:00,S2,24.522933106314667,1016.2780519912644,90.0
2025-11-21 00:31:00,S2,23.441972313932617,1020.6386180976189,46.39967885345139
2025-11-21 00:32:00,S2,20.668709543191753,1011.2144881509613,44.200629640870744
2025-11-21 00:33:00,S2,26.948524444257615,1016.9719170898959,41.6974481096281
2025-11-21 00:34:00,S2,23.977098888899537,1015.7957964445159,53.822549391449186
2025-11-21 00:35:00,S2,23.479199851333387,1024.2644344110988,41.96022926359264
2025-11-21 00:36:00,S2,25.42114006791693,1010.4758471757752,72.4113456902073
2025-11-21 00:37:00,S2,26.024999104443033,1016.9753580840289,45.89718564029003
2025-11-21 00:38:00,S2,24.35845033418744,1004.8699445411172,25.74785722127399
2025-11-21 00:39:00,S2,24.994796664781962,1010.520707946316,49.69828333370865
2025-11-21 00:40:00,S2,26.492374814628807,1014.7669641879845,49.269665201811975
2025-11-21 00:41:00,S2,24.279612810780105,1019.9657998454489,61.117185675241885
2025-11-21 00:42:00,S2,25.60466748352667,1006.8703331750789,52.881262367277046
2025-11-21 00:43:00,S2,21.6815107632217,1016.9304532037055,41.661648165601974
2025-11-21 00:44:00,S2,22.517362003144502,1012.6838827175852,47.13608126503223
2025-11-21 00:45:00,S2,26.211079556160808,1005.3923617330385,53.274197716509875
2025-11-21 00:46:00,S2,22.412882721665405,1013.907934229744,28.352857496895894
2025-11-21 00:47:00,S2,25.46827509422659,1021.545806164891,63.386217343904505
2025-11-21 00:48:00,S2,24.706002435605853,1007.3978867004419,41.68830114195335
2025-11-21 00:49:00,S2,24.271065474959542,1012.4503114231491,64.17043820947617
2025-11-21 00:50:00,S2,50.0,1008.0668050768022,53.924651411265884
2025-11-21 00:51:00,S2,26.81868003621075,1010.65708534045,56.29594136393975
2025-11-21 00:52:00,S2,28.45978230903967,1020.1608507176231,61.494234360012726
2025-11-21 00:53:00,S2,25.600384325200388,1011.6423776225431,55.73132052692498
2025-11-21 00:54:00,S2,25.644981431345634,1020.0078286875766,56.72886216317451
2025-11-21 00:55:00,S2,23.63533874028501,1018.545270239658,48.35583559538619
2025-11-21 00:56:00,S2,22.60780553635124,1011.1863104325778,53.721686814720954
2025-11-21 00:57:00,S2,24.92052219038765,1010.4870026969688,44.12502185028257
2025-11-21 00:58:00,S2,23.052500704083847,1008.5200059659275,46.56588900412032
2025-11-21 00:59:00,S2,21.454779743368356,1008.345594029033,69.64695047968908
2025-11-21 01:00:00,S2,26.606891624731166,1014.7660369725393,41.918064149495784
2025-11-21 01:01:00,S2,26.704333576503664,1012.9010734239251,51.543171266362805
2025-11-21 01:02:00,S2,23.282322454093812,1009.881972825354,51.13469036715476
2025-11-21 01:03:00,S2,25.48792864255849,1005.2561853893836,46.89245528219201
2025-11-21 01:04:00,S2,27.003904535583533,1013.5308938391111,55.14400936570438
2025-11-21 01:05:00,S2,25.41005337412376,1010.6522391046933,55.89722092741383
2025-11-21 01:06:00,S2,22.613690707802533,1012.0235115220895,40.74180816852421
2025-11-21 01:07:00,S2,24.534213173525803,1014.5233091434905,51.01356711546551
2025-11-21 01:08:00,S2,27.653618840083983,1000.4909856930607,39.176326612276426
2025-11-21 01:09:00,S2,25.494053287210225,1005.3336269814544,57.88548618317301
2025-11-21 01:10:00,S2,26.07826420636561,1025.0,51.76487310362625
2025-11-21 01:11:00,S2,25.68325843873823,1010.4669474665019,50.82329886717087
2025-11-21 01:12:00,S2,23.288977284043494,1000.4128344880123,56.59031348872403
2025-11-21 01:13:00,S2,23.758309561434714,1005.7502991024187,47.24489709531599
2025-11-21 01:14:00,S2,25.677730314103485,1025.4223368432072,59.14021959218205
2025-11-21 01:15:00,S2,26.633743560040816,1009.4850126986508,40.51555127243864
2025-11-21 01:16:00,S2,27.199809901835764,1018.7950762244858,64.11876518894528
2025-11-21 01:17:00,S2,23.283788910463613,1013.605589991686,44.49088817445146
2025-11-21 01:18:00,S2,25.866241069354388,1010.5751648125051,33.03820932304412
2025-11-21 01:19:00,S2,27.37408822343795,1016.8772273538154,46.71465091537268
2025-11-21 01:20:00,S2,23.025836459423957,1001.0782166232185,45.580318027457906
2025-11-21 01:21:00,S2,27.97349427159955,1005.794336900717,46.63926013849964
2025-11-21 01:22:00,S2,28.27788165468838,1010.5382449393022,52.31648015483983
2025-11-21 01:23:00,S2,30.25017267924332,1006.2854780086519,60.97842360888272
2025-11-21 01:24:00,S2,25.46186688165999,1010.0961110574801,48.08294086102863
2025-11-21 01:25:00,S2,25.472849352524896,1017.2685652284141,43.08382430181099
2025-11-21 01:26:00,S2,26.653988778234634,1013.6606836066799,38.73453187716203
2025-11-21 01:27:00,S2,26.595605346098832,1019.653085177548,45.318172086909556
2025-11-21 01:28:00,S2,27.252733721991213,1013.9768764217587,31.121751607496474
2025-11-21 01:29:00,S2,26.568066360930207,1017.9623041574727,42.74866906483639
2025-11-21 01:30:00,S2,24.787876181923924,1012.6796484993575,62.440538958621865
2025-11-21 01:31:00,S2,27.443994241947003,1010.0486225832011,41.76640795421577
2025-11-21 01:32:00,S2,22.85749170061455,1020.4028402777094,56.287158608003054
2025-11-21 01:33:00,S2,25.01170467345075,1009.4532485603197,37.7351791019151
2025-11-21 01:34:00,S2,28.127471232099598,1014.7192241156215,67.71095899310555
2025-11-21 01:35:00,S2,22.499507003759362,1016.8444868161224,68.3760673306471
2025-11-21 01:36:00,S2,23.645048686005673,1017.2074635223543,55.91021556559876
2025-11-21 01:37:00,S2,26.343494582154584,1007.1727866488999,69.91252601643521
2025-11-21 01:38:00,S2,25.787823946472304,1018.2597520291413,53.557929749276624
2025-11-21 01:39:00,S2,23.24994918468751,1008.1052237694637,57.68517114149556
2025-11-21 01:40:00,S2,24.16761199453972,1017.05351827675,62.61933876731535
2025-11-21 01:41:00,S2,22.638435874699322,1015.6758673552455,51.797184530984495
2025-11-21 01:42:00,S2,26.960969999041144,1017.0931533088994,34.47622538414939
2025-11-21 01:43:00,S2,24.488237284658936,1006.9749823945049,57.88963355234398
2025-11-21 01:44:00,S2,28.584311821521265,1015.939648713672,45.28140405566536
2025-11-21 01:45:00,S2,25.162200488080043,1018.4279683820408,46.0247017904454
2025-11-21 01:46:00,S2,24.560519393194248,1013.9669789158087,52.9789491647869
2025-11-21 01:47:00,S2,24.366356477416403,1008.9069166019772,55.6628087971737
2025-11-21 01:48:00,S2,24.511600329615142,1017.5987380716399,51.50134634006218
2025-11-21 01:49:00,S2,25.221642190267605,1013.5695981405039,56.35729536157309
2025-11-21 01:50:00,S2,30.024815153156638,1004.6277786808615,42.93142865939804
2025-11-21 01:51:00,S2,24.32228065980128,1008.5190526884167,49.57296205276717
2025-11-21 01:52:00,S2,24.387293078457382,1010.3685273438651,58.490854504508704
2025-11-21 01:53:00,S2,25.131187691366357,1020.5290914381983,67.72791176436716
2025-11-21 01:54:00,S2,27.18054901268852,1019.6509154315311,71.26435588973209
2025-11-21 01:55:00,S2,22.158030877854443,1019.6348426552834,54.32976682727731
2025-11-21 01:56:00,S2,25.91018547381929,1014.1618013884193,58.40009826745607
2025-11-21 01:57:00,S2,23.365149647957676,1017.567973958896,69.81579164815192
2025-11-21 01:58:00,S2,26.1065453779019,1007.2961029565705,43.29163963266505
2025-11-21 01:59:00,S2,24.01248011527909,1013.0340154919638,56.29699852712584
2025-11-21 02:00:00,S2,5.0,1015.258163508248,57.683429494861464
2025-11-21 02:01:00,S2,25.73915520537497,1007.6255047134543,64.47861436076744
2025-11-21 02:02:00,S2,25.722289540693737,1014.0495604482094,38.628586194637776
2025-11-21 02:03:00,S2,23.84183938304114,1021.4331959290217,40.60594216199483
2025-11-21 02:04:00,S2,23.723312279713994,1015.7938489228031,50.21382211104706
2025-11-21 02:05:00,S2,22.377254549824695,1017.5877260333206,53.77727662321635
2025-11-21 02:06:00,S2,26.546199883077744,1000.7379653828386,61.228639537338076
2025-11-21 02:07:00,S2,26.764431564933616,1020.7898442457646,55.17543775812271
2025-11-21 02:08:00,S2,23.24189822964822,1012.0693882612392,48.48586769889716
2025-11-21 02:09:00,S2,23.9201310809223,1009.1565684296498,54.164614447561405
2025-11-21 02:10:00,S2,24.873421757722074,1012.1268107409503,53.01044476274451
2025-11-21 02:11:00,S2,29.541730562071095,1005.5748892085956,67.45016429987788
2025-11-21 02:12:00,S2,26.090243495177866,1018.2397103087607,51.656589435685326
2025-11-21 02:13:00,S2,23.113168969983242,1011.323021386131,46.169165864474365
2025-11-21 02:14:00,S2,25.60756061898101,1009.3068459398696,54.49609030071829
2025-11-21 02:15:00,S2,22.246616918723838,1012.1597246715581,51.98485319338532
2025-11-21 02:16:00,S2,26.435980619832343,1018.5900782728808,34.29006644325328
2025-11-21 02:17:00,S2,28.35109478708897,1013.6572920039062,49.84347938377831
2025-11-21 02:18:00,S2,28.359583370167915,1005.9515311523327,48.99261754593995
2025-11-21 02:19:00,S2,26.46978700694868,1015.3249041487054,44.56128134220684
2025-11-21 02:20:00,S2,23.833175288263742,1008.3551002283868,60.35583287622973
2025-11-21 02:21:00,S2,22.39819648697175,1002.219494843126,42.14320403388004
2025-11-21 02:22:00,S2,22.199589913261782,1020.4800360635859,54.55618619524539
2025-11-21 02:23:00,S2,19.387565781002913,1015.2861493741384,48.52143000156269
2025-11-21 02:24:00,S2,26.387711526015842,1012.6086466809829,51.07695005646782
2025-11-21 02:25:00,S2,24.7943289595512,1011.2719524265165,54.11786291045867
2025-11-21 02:26:00,S2,26.818432332906255,1019.9853975036666,36.924256161089986
2025-11-21 02:27:00,S2,27.856062970469576,1028.435775750992,51.91660891734783
2025-11-21 02:28:00,S2,25.199811087804818,1015.2439025928326,72.88947489713206
2025-11-21 02:29:00,S2,25.2919232194263,1007.8518265883606,34.43236654121276
2025-11-21 02:30:00,S2,24.071359311005068,1012.2276724056601,49.42392036284495
2025-11-21 02:31:00,S2,24.307831165655184,1015.1528633604703,61.232393248238196
2025-11-21 02:32:00,S2,26.456939824945866,1001.2523584650406,53.016192479535974
2025-11-21 02:33:00,S2,24.65124993926938,1014.6724960088906,56.87966952116033
2025-11-21 02:34:00,S2,24.36198466649435,1015.1821256474653,26.24333988907384
2025-11-21 02:35:00,S2,24.963366281114297,1019.6317109899361,55.982493746299504
2025-11-21 02:36:00,S2,26.77266039212318,1019.1106165118653,42.38311793766402
2025-11-21 02:37:00,S2,23.614676884339794,1013.5558608014477,53.09877284583147
2025-11-21 02:38:00,S2,24.866942964895934,1020.5731845329018,49.70565269090509
2025-11-21 02:39:00,S2,25.49055567555686,1023.1783915951938,72.78333029161632
2025-11-21 02:40:00,S2,27.320443807170477,1013.1397572762223,55.46695323765876
2025-11-21 02:41:00,S2,24.521406446401162,1015.0909353923388,48.87376170737214
2025-11-21 02:42:00,S2,23.564353227896557,1004.1635132344471,34.90307240746446
2025-11-21 02:43:00,S2,24.03127811145529,1005.7451336877946,51.21146901849897
2025-11-21 02:44:00,S2,27.106114866030758,1008.8090184299524,58.23228878346823
2025-11-21 02:45:00,S2,29.066610597206928,1010.7819084774147,49.194481081807766
2025-11-21 02:46:00,S2,22.372484372627934,1007.5193848763097,44.943436400625586
2025-11-21 02:47:00,S2,22.809396769860285,1012.8200229401137,44.27413336153681
2025-11-21 02:48:00,S2,24.66240642659571,1010.9314541616269,55.35141435455321
2025-11-21 02:49:00,S2,25.221912192136088,1018.3544761566981,57.59387939309157
2025-11-21 02:50:00,S2,26.57393913110999,1010.6261317725815,63.612101153211185
2025-11-21 02:51:00,S2,23.21773398279703,1001.5664102589225,40.05000106789642
2025-11-21 02:52:00,S2,22.87378192670107,1013.628755862677,55.25977558417617
2025-11-21 02:53:00,S2,25.276174306267258,1012.9290098779433,48.78296045582133
2025-11-21 02:54:00,S2,24.483198559585663,1008.6897505929776,49.07765795366719
2025-11-21 02:55:00,S2,26.85344199554305,1013.4749994174852,54.018258540340014
2025-11-21 02:56:00,S2,25.974719606380766,1007.6236770588683,54.076562536249476
2025-11-21 02:57:00,S2,26.110758695266437,1014.6491997681167,55.287681057915734
2025-11-21 02:58:00,S2,24.791037307246267,1026.1646221846493,39.4252880780419
2025-11-21 02:59:00,S2,29.711160517136413,1003.9719726354662,42.50188592833541
2025-11-21 03:00:00,S2,23.32450403681248,1010.4187895649542,64.85868275517684
2025-11-21 03:01:00,S2,26.22161966750955,1009.6174743927543,47.7942753251916
2025-11-21 03:02:00,S2,22.460620025853785,1010.8337005825623,53.060143980178964
2025-11-21 03:03:00,S2,22.853064644521094,1018.0996228979849,60.54666312043186
2025-11-21 03:04:00,S2,23.78530880246909,1015.7141327965951,54.63443072360819
2025-11-21 03:05:00,S2,28.25864667323605,1017.2438325130321,55.46522630972039
2025-11-21 03:06:00,S2,25.52778886090804,1013.152477523768,58.94577679243757
2025-11-21 03:07:00,S2,23.81904386291125,1006.3895034002757,28.83336239103
2025-11-21 03:08:00,S2,25.748872651909146,1007.4265731937,45.10049844839465
2025-11-21 03:09:00,S2,25.070295762849018,1016.7312985373329,54.68605796499592
2025-11-21 03:10:00,S2,24.016053261721762,1013.8541594920665,63.87644307057657
2025-11-21 03:11:00,S2,22.206742288423545,1019.3010370303942,50.66095559655773
2025-11-21 03:12:00,S2,27.87708496902458,1014.466310516234,41.55283538243904
2025-11-21 03:13:00,S2,25.419636257420084,1007.0849250333393,41.819139503894974
2025-11-21 03:14:00,S2,29.34747674693648,1010.3904909290842,58.83861203453074
2025-11-21 03:15:00,S2,26.88064324108176,1015.8240707484147,47.822264176081134
2025-11-21 03:16:00,S2,26.102639449522083,1016.5516624811931,49.927999542096636
2025-11-21 03:17:00,S2,24.129591342766066,1017.2755431607734,56.15030193772319
2025-11-21 03:18:00,S2,22.809308872286167,1007.757379433974,20.98476317306421
2025-11-21 03:19:00,S2,24.564538031023105,1006.9948491696153,70.00367511508081
2025-11-21 03:20:00,S2,22.75141481158834,1012.0509874012629,42.68926164948939
2025-11-21 03:21:00,S2,26.300380761461508,1020.2003675826672,52.419363694735715
2025-11-21 03:22:00,S2,28.26530499539426,1009.5306583959599,32.95302986503729
2025-11-21 03:23:00,S2,24.47817546776574,1015.2748594530049,45.77458889594962
2025-11-21 03:24:00,S2,26.888981944782394,1015.2753056946948,62.44688046365097
2025-11-21 03:25:00,S2,23.621541859566285,1016.803863748353,30.838328203341213
2025-11-21 03:26:00,S2,24.395066323585297,1021.3222012697411,61.26200087189141
2025-11-21 03:27:00,S2,23.370072030869114,1020.8095321238305,47.26303903767616
2025-11-21 03:28:00,S2,20.73373392985898,1010.0269708308025,54.871644402201916
2025-11-21 03:29:00,S2,24.92693330016278,1002.5105227934566,56.575244134851104
2025-11-21 03:30:00,S2,25.256903475195504,1009.6073533231763,54.41421499490926
2025-11-21 03:31:00,S2,27.131721997523275,1013.3783614702362,41.350493483691736
2025-11-21 03:32:00,S2,26.590876505338574,1011.1917736115718,46.35450853464977
2025-11-21 03:33:00,S2,26.61790579807799,1022.8394947146406,35.38443822749184
2025-11-21 03:34:00,S2,23.051927553764244,1013.0939015215822,54.9179633158808
2025-11-21 03:35:00,S2,25.918994612141383,1016.268559401281,67.02055154015926
2025-11-21 03:36:00,S2,28.165187930963185,1014.0860715482368,31.755591133235374
2025-11-21 03:37:00,S2,25.759735701418162,1011.2668340825459,42.383540938619646
2025-11-21 03:38:00,S2,28.657187226129995,1003.3759416101867,48.182247241170664
2025-11-21 03:39:00,S2,29.037932222239725,1012.6069118072926,51.73341423713554
2025-11-21 03:40:00,S2,24.46306345941671,1029.2732364657707,58.79176301434426
2025-11-21 03:41:00,S2,23.606120509838856,1006.7777080008108,48.47800019642333
2025-11-21 03:42:00,S2,23.4770756691621,1003.9256347781288,46.840412735543495
2025-11-21 03:43:00,S2,21.96772835979356,1022.6819465128445,61.03130706069741
2025-11-21 03:44:00,S2,23.963194201168957,1016.7104148493466,56.619955670633054
2025-11-21 03:45:00,S2,27.415330899512494,1013.9370994026172,55.389779757010984
2025-11-21 03:46:00,S2,20.59192484949752,1019.8133693118353,51.125157115881144
2025-11-21 03:47:00,S2,22.925093198572508,1008.8424902852195,59.83152210919859
2025-11-21 03:48:00,S2,24.745737116696006,1012.4670261954268,43.43690608769734
2025-11-21 03:49:00,S2,23.2456295987566,1017.7757705845041,42.073057178139216
2025-11-21 03:50:00,S2,23.945428111519558,1023.551771839102,57.46100986869324
2025-11-21 03:51:00,S2,23.975340651155392,1007.157278426717,33.74964030753092
2025-11-21 03:52:00,S2,24.484919559876502,1019.403672292802,50.921795096364875
2025-11-21 03:53:00,S2,23.54109060778052,1014.9091953042049,46.83441647737488
2025-11-21 03:54:00,S2,23.377573572288902,1013.815305337147,35.94245269347044
2025-11-21 03:55:00,S2,26.868619491842463,1012.9613538887263,40.68732420283735
2025-11-21 03:56:00,S2,27.09930835572069,1006.076766896527,48.910239077046505
2025-11-21 03:57:00,S2,22.238913309505183,1017.8154449910652,60.339632564990225
2025-11-21 03:58:00,S2,19.48080520145423,1009.0886548983683,43.470420087421886
2025-11-21 03:59:00,S2,27.12674969914186,1007.6015464874882,62.133813999049934
2025-11-21 04:00:00,S2,22.542399162895727,1017.4272947945017,50.63179227556516
2025-11-21 04:01:00,S2,25.42548967691948,1016.9456701257334,63.10384702169971
2025-11-21 04:02:00,S2,21.868656253943566,1013.3950004180554,43.95508391219951
2025-11-21 04:03:00,S2,27.595509970519345,1018.3977181040582,49.51190411894631
2025-11-21 04:04:00,S2,30.087335790603056,1020.1296829073956,53.684836033369955
2025-11-21 04:05:00,S2,25.365613818410672,1019.5411203891277,48.20489537258488
2025-11-21 04:06:00,S2,24.811794703080967,1010.3586051329901,59.53024147145236
2025-11-21 04:07:00,S2,24.35572084961987,1018.0705246563986,27.92436274709734
2025-11-21 04:08:00,S2,26.563598622625822,1014.0582048875433,74.2240553878994
2025-11-21 04:09:00,S2,26.13537350186917,1021.6295388517618,58.57774606995162
2025-11-21 04:10:00,S2,27.00699690710573,1012.3813583186642,48.264681709649835
2025-11-21 04:11:00,S2,23.744166954803834,1011.2176418131584,44.476783264226555
2025-11-21 04:12:00,S2,25.68023541280929,1009.9310156157857,41.335793885514455
2025-11-21 04:13:00,S2,23.91506386658761,1013.9464394711778,56.45615474169737
2025-11-21 04:14:00,S2,22.88456870385989,1015.3336273379605,59.94981668792354
2025-11-21 04:15:00,S2,24.917969157993074,1015.4298114146363,48.374738718701
2025-11-21 04:16:00,S2,23.154974539245835,1014.7458627015593,61.06990412978503
2025-11-21 04:17:00,S2,27.347453995485175,1016.3551850633991,40.927399532388776
2025-11-21 04:18:00,S2,23.276159243968355,1011.887290820428,39.16189150013164
2025-11-21 04:19:00,S2,25.72709188137472,1008.6374234220407,68.1334120524555
2025-11-21 04:20:00,S2,23.793155402480554,1008.2008600154318,55.91108613538543
2025-11-21 04:21:00,S2,25.554125500875024,1017.8752554765174,63.96848201813328
2025-11-21 04:22:00,S2,23.952006853089287,1015.3516115526414,41.46060291612307
2025-11-21 04:23:00,S2,22.485577450284925,1003.7208111452484,40.7647460823127
2025-11-21 04:24:00,S2,25.96754548190369,1018.4837671339997,46.41390680542458
2025-11-21 04:25:00,S2,24.529168756173558,1022.4021757320132,41.75941158460988
2025-11-21 04:26:00,S2,25.571969881444918,1009.4204157462074,57.05365210228451
2025-11-21 04:27:00,S2,24.142314128739123,1014.6808002313802,42.48873943073554
2025-11-21 04:28:00,S2,22.344126972463094,1010.6327095318381,38.283301419327096
2025-11-21 04:29:00,S2,27.166357194112514,1016.1415346273558,51.420154122552326
2025-11-21 04:30:00,S2,26.473515510882176,1007.1699555546239,37.10013824174787
2025-11-21 04:31:00,S2,23.866078048893513,1012.6427717145061,32.0053606852461
2025-11-21 04:32:00,S2,25.139558426997596,1017.9065706399939,51.33257233861278
2025-11-21 04:33:00,S2,27.084038966325874,1019.1785586964942,32.5077995698979
2025-11-21 04:34:00,S2,24.085923328275207,1015.1324790945985,57.75279396295423
2025-11-21 04:35:00,S2,24.396230989618896,1011.3047734839513,36.04666273747204
2025-11-21 04:36:00,S2,25.487265000014748,1005.0369945782819,27.593262135802522
2025-11-21 04:37:00,S2,24.081817872890827,1009.2122514438036,47.06203349859206
2025-11-21 04:38:00,S2,26.714183993974046,1010.653632976226,51.44594503296484
2025-11-21 04:39:00,S2,24.662198439385126,1009.5113310834919,54.914750636819406
2025-11-21 04:40:00,S2,23.431928250012053,1013.2977648415681,51.720156990158536
2025-11-21 04:41:00,S2,26.21727765974799,1011.2905613191435,39.40687378882258
2025-11-21 04:42:00,S2,22.715738701137305,1013.8606068616772,57.13061180926604
2025-11-21 04:43:00,S2,29.029757122248427,1019.0131365052383,59.60138506479746
2025-11-21 04:44:00,S2,28.164992727160406,1010.9676888938532,37.94237871544461
2025-11-21 04:45:00,S2,26.02699095384203,1006.0856651137289,48.18993861340386
2025-11-21 04:46:00,S2,25.858662043639804,1009.4914620093756,47.2555997289098
2025-11-21 04:47:00,S2,25.7648828356386,1015.9179423498664,52.20381582788034
2025-11-21 04:48:00,S2,24.021810428162187,1016.3897189247633,47.95076208225891
2025-11-21 04:49:00,S2,25.594619291361685,1015.0304259850811,49.32122227927023
2025-11-21 04:50:00,S2,23.153734779084303,1019.5036865294401,56.418155302416906
2025-11-21 04:51:00,S2,26.007636836880362,1012.0681846506151,38.86146900398867
2025-11-21 04:52:00,S2,26.73569388606259,1023.2608307400466,57.37373135260824
2025-11-21 04:53:00,S2,24.24382779803333,1017.0909356805296,61.411327315312505
2025-11-21 04:54:00,S2,23.809796411690563,1000.3825626489606,66.34134993488868
2025-11-21 04:55:00,S2,22.57504595070418,1022.0032931498179,28.56632675862641
2025-11-21 04:56:00,S2,27.915910467131383,1009.1650669493214,48.17098342884782
2025-11-21 04:57:00,S2,23.968671932315576,1007.8294940527153,30.34899425646411
2025-11-21 04:58:00,S2,24.602521927966755,1015.6188555491644,25.649363102271764
2025-11-21 04:59:00,S2,25.60031116999145,1004.3090976383173,51.44093047607478
2025-11-21 00:00:00,S3,24.201696414299278,1006.7233194215692,42.949625198603385
2025-11-21 00:01:00,S3,25.599701903541494,1014.7656361899894,45.62740594622301
2025-11-21 00:02:00,S3,25.97225538017463,1018.1696257154277,58.502053671312346
2025-11-21 00:03:00,S3,27.49579191621584,1014.4267242022163,45.4553905871502
2025-11-21 00:04:00,S3,25.10784085061156,1014.9949166439529,53.28760300342845
2025-11-21 00:05:00,S3,30.846711234638175,1016.2780195643671,50.2780291573994
2025-11-21 00:06:00,S3,25.612819709970424,1014.8964043591133,49.24620387577234
2025-11-21 00:07:00,S3,28.684958089134422,1021.0453708623664,57.012923267522325
2025-11-21 00:08:00,S3,20.3343243989515,1007.7985413588619,45.214201001358056
2025-11-21 00:09:00,S3,27.69947905910125,1014.2021243841939,45.69413439817721
2025-11-21 00:10:00,S3,24.63847902040888,1003.9087978300142,57.97602849999754
2025-11-21 00:11:00,S3,21.10330548114546,1002.6312690640673,40.13074675831348
2025-11-21 00:12:00,S3,25.84109021845624,1012.5916448457401,41.19779809177673
2025-11-21 00:13:00,S3,24.394088924031365,1015.7168978447238,37.39685708656407
2025-11-21 00:14:00,S3,26.160106496896283,1021.1533388861878,58.49010913276553
2025-11-21 00:15:00,S3,27.022152915102158,1025.0989586650524,48.947630319187326
2025-11-21 00:16:00,S3,22.021699766476807,1019.5993033533274,36.863848539209336
2025-11-21 00:17:00,S3,27.029837964910314,1016.6358287219902,58.53808562309069
2025-11-21 00:18:00,S3,25.012958968441435,1013.7998242788691,44.444578384245645
2025-11-21 00:19:00,S3,27.705682349386546,1005.3438596840831,41.28321921163115
2025-11-21 00:20:00,S3,24.589703542004262,1012.269816971291,48.04321441123048
2025-11-21 00:21:00,S3,24.05918221493716,1019.4518837562912,64.78723609467892
2025-11-21 00:22:00,S3,25.0541080813779,1017.4914092801401,46.0503780350343
2025-11-21 00:23:00,S3,25.203721412759705,1006.5683292665852,55.753388641155844
2025-11-21 00:24:00,S3,23.67443039701653,1016.0701282362924,57.27080020450954
2025-11-21 00:25:00,S3,24.00739053808943,1015.6419640593386,54.43273298006406
2025-11-21 00:26:00,S3,22.54624893097242,1014.7494506005737,62.71071649674262
2025-11-21 00:27:00,S3,24.13070982041961,1012.8607222231133,42.92883995367721
2025-11-21 00:28:00,S3,26.35262011999516,1016.327919834721,39.56665156949664
2025-11-21 00:29:00,S3,24.72529165218771,1016.486565194562,39.370333439750056
2025-11-21 00:30:00,S3,27.018130592094657,1009.7927061728429,90.0
2025-11-21 00:31:00,S3,24.62914106469385,1015.2750703069105,40.52953342159471
2025-11-21 00:32:00,S3,22.13696400455337,1012.053024296264,51.47540911865328
2025-11-21 00:33:00,S3,26.194549775113167,1005.5638306612688,50.769884197248935
2025-11-21 00:34:00,S3,23.652753717933194,1010.1919648248091,60.18573303186041
2025-11-21 00:35:00,S3,24.53326542247293,1005.1815515732728,52.9114430823604
2025-11-21 00:36:00,S3,27.475144094968236,1017.9004676753506,45.83848144138552
2025-11-21 00:37:00,S3,22.678259080556973,1014.7794468877715,54.10849204432683
2025-11-21 00:38:00,S3,25.32948757492877,1011.2225469439703,39.69805980102059
2025-11-21 00:39:00,S3,24.918963299928414,1020.1026067164432,49.61859311975683
2025-11-21 00:40:00,S3,26.401851430874206,1013.3399545379058,53.194012335955804
2025-11-21 00:41:00,S3,26.710306730964046,1005.8438862201656,51.293175981501264
2025-11-21 00:42:00,S3,25.527678008497784,1010.8026072990809,54.15065094935984
2025-11-21 00:43:00,S3,24.2792507068392,1021.1642709363665,43.559539842872084
2025-11-21 00:44:00,S3,25.94674500805192,1009.6526218745543,61.52031402809516
2025-11-21 00:45:00,S3,27.671311794289124,1014.3761064437891,68.22168949395707
2025-11-21 00:46:00,S3,24.9454201207206,1016.7193831225732,33.973238551414056
2025-11-21 00:47:00,S3,24.465487771153946,1015.9497424227748,37.84402004045752
2025-11-21 00:48:00,S3,25.77634051533598,1025.2472989947905,50.43083008024386
2025-11-21 00:49:00,S3,25.077454040739223,1007.1184837153836,47.43449019447126
2025-11-21 00:50:00,S3,50.0,1007.6176845973359,68.96412405772782
2025-11-21 00:51:00,S3,25.47866160079496,1007.2012277644893,52.19784323424461
2025-11-21 00:52:00,S3,22.30647518247247,1011.5204078949156,63.925452537259574
2025-11-21 00:53:00,S3,25.74896129281689,1018.4968869409123,29.508761135464
2025-11-21 00:54:00,S3,23.405714551186865,1007.8413271010174,58.14169483332352
2025-11-21 00:55:00,S3,25.07374960837269,1018.5668025297197,42.84483180741679
2025-11-21 00:56:00,S3,25.78118781239847,1013.1756333496387,42.68457430380343
2025-11-21 00:57:00,S3,29.907806691887142,1007.4550165339454,47.516419735878756
2025-11-21 00:58:00,S3,26.485499923573848,1004.2431502171607,35.754163602689076
2025-11-21 00:59:00,S3,27.729597619484668,1005.3621475309534,54.427855253218524
2025-11-21 01:00:00,S3,28.74349563738785,1009.6707329588304,51.90714966716795
2025-11-21 01:01:00,S3,25.97851183399889,1012.1542441212833,52.66192248187271
2025-11-21 01:02:00,S3,25.5713796005344,1019.7303148836522,58.87031022132906
2025-11-21 01:03:00,S3,22.86655778234757,1016.9954410609412,65.14782046194154
2025-11-21 01:04:00,S3,24.76674013519921,1008.8052937395985,46.36288950912453
2025-11-21 01:05:00,S3,23.553824540728275,1015.0433264168609,54.773506397364734
2025-11-21 01:06:00,S3,24.197882299751228,1021.2577313459612,52.929882083349796
2025-11-21 01:07:00,S3,28.741326752384936,1022.3695871051502,53.7761450632894
2025-11-21 01:08:00,S3,25.22924301839998,1011.427969942232,53.92597664465983
2025-11-21 01:09:00,S3,23.248200844567783,1017.791442148525,65.90503344564839
2025-11-21 01:10:00,S3,27.74906690938261,1025.0,45.403231315107064
2025-11-21 01:11:00,S3,26.9105509524749,1005.4646403841081,34.74264096796318
2025-11-21 01:12:00,S3,27.015306985200795,1010.4379645642015,43.02126231384113
2025-11-21 01:13:00,S3,20.98773959379521,1024.1000936721164,57.57266933535405
2025-11-21 01:14:00,S3,28.897341915442972,1011.4948194493954,50.23329508647177
2025-11-21 01:15:00,S3,23.882970515812225,998.3552431764945,45.32400659505004
2025-11-21 01:16:00,S3,26.55590954558551,1012.3951909480664,39.23502731590358
2025-11-21 01:17:00,S3,30.047599581234063,1018.6231274955793,52.212861217305324
2025-11-21 01:18:00,S3,29.310665496381233,1013.0325521840044,56.44506275273809
2025-11-21 01:19:00,S3,23.044875749054626,1016.5768197340032,53.05872055096028
2025-11-21 01:20:00,S3,22.110965325995455,1017.6911099882786,47.46669668845054
2025-11-21 01:21:00,S3,27.860693197695856,1011.2253127428386,51.46641284297463
2025-11-21 01:22:00,S3,25.284111623188,1010.4030350679282,51.408429665574154
2025-11-21 01:23:00,S3,23.99823711739584,1013.7672048797714,51.89696931217662
2025-11-21 01:24:00,S3,26.242437093878095,1013.8888946146494,38.1569504898088
2025-11-21 01:25:00,S3,24.67424084508112,1013.2703840992349,51.973263506148776
2025-11-21 01:26:00,S3,26.402648274097487,1013.4757826134123,45.594035315338054
2025-11-21 01:27:00,S3,25.133963615637466,1009.2572693268963,60.40618606009759
2025-11-21 01:28:00,S3,26.444775856656335,1016.7514345504047,51.32918641750274
2025-11-21 01:29:00,S3,23.210934621727223,1015.9961597355648,58.35479221822892
2025-11-21 01:30:00,S3,27.84892402626527,1006.3199581668227,46.98218612950248
2025-11-21 01:31:00,S3,26.395246741464877,1011.0541884145701,47.34286162388541
2025-11-21 01:32:00,S3,26.292594738807146,1013.4653993626972,64.94251246256331
2025-11-21 01:33:00,S3,22.764660145976013,1010.3284349886192,54.36335188415508
2025-11-21 01:34:00,S3,28.399264833288495,1016.186859887939,42.85485467594261
2025-11-21 01:35:00,S3,24.972567801267463,1012.6655873077143,58.969744386204745
2025-11-21 01:36:00,S3,26.45609772485968,1013.8453626472759,44.66695266572129
2025-11-21 01:37:00,S3,24.354351072506784,1010.9964534625847,52.25698137811523
2025-11-21 01:38:00,S3,25.521778129364193,1003.0339058829469,68.36674630859405
2025-11-21 01:39:00,S3,25.594254704238807,1002.7482583921877,35.68717612361946
2025-11-21 01:40:00,S3,19.360138135993157,1015.9480477334602,48.242180782334636
2025-11-21 01:41:00,S3,26.164896249309663,1014.334560382447,54.08271640902031
2025-11-21 01:42:00,S3,28.93068292344417,1015.1933110317555,57.64698334664674
2025-11-21 01:43:00,S3,26.079560517983914,1013.6723642103145,37.58766092639127
2025-11-21 01:44:00,S3,23.084583502220525,1014.0728370168675,34.642097314249824
2025-11-21 01:45:00,S3,26.299923132307775,1017.8451168680939,60.907493519904264
2025-11-21 01:46:00,S3,27.118961060346678,1015.2230968620071,42.79585143196162
2025-11-21 01:47:00,S3,26.024933032380773,1018.2045467515305,42.377174920026846
2025-11-21 01:48:00,S3,24.85174578713991,1013.857309206133,65.50249672772166
2025-11-21 01:49:00,S3,24.515701548352137,1011.4980912974012,50.69702314731823
2025-11-21 01:50:00,S3,24.507380489266385,1013.9710143107812,50.76238227681574
2025-11-21 01:51:00,S3,26.395553802022427,1008.8191105925636,48.20200554848468
2025-11-21 01:52:00,S3,22.185752009880744,1011.1007653554404,37.7601793325683
2025-11-21 01:53:00,S3,24.256253678289188,1013.8878565432002,56.75696949394388
2025-11-21 01:54:00,S3,28.191219646021896,1013.8215916595051,54.094505219256234
2025-11-21 01:55:00,S3,28.268390533154353,1012.4679055999851,51.68691325339432
2025-11-21 01:56:00,S3,22.043705824396675,1006.059076449129,48.83676960723742
2025-11-21 01:57:00,S3,22.737172777472782,1016.1820477321036,47.07680350661713
2025-11-21 01:58:00,S3,24.458758840944128,1017.1711420329977,59.12483389547415
2025-11-21 01:59:00,S3,26.785179034228705,1021.2184524762612,48.58706936793905
2025-11-21 02:00:00,S3,5.0,1015.2088799829437,49.35938961466111
2025-11-21 02:01:00,S3,24.890382730165044,1013.0073091709575,55.298931548837736
2025-11-21 02:02:00,S3,24.05164168684071,1007.9348524519493,52.07960930680386
2025-11-21 02:03:00,S3,27.651929348570466,1020.4600893468053,66.42276057540438
2025-11-21 02:04:00,S3,21.64618305206149,1014.2391648843701,32.386332225266955
2025-11-21 02:05:00,S3,25.185081230987244,1013.9668658691273,52.99907438367263
2025-11-21 02:06:00,S3,24.21278112530281,1011.7297190091058,42.94394219527831
2025-11-21 02:07:00,S3,27.939597852554577,1011.4101521678257,40.579134652450705
2025-11-21 02:08:00,S3,26.1953052927065,1016.4413336702543,45.429357939556525
2025-11-21 02:09:00,S3,23.82836868148453,1007.8927968867071,50.54679408481761
2025-11-21 02:10:00,S3,26.706772886658165,1021.127159295794,50.9906907592341
2025-11-21 02:11:00,S3,24.22234229338285,1020.0376322876918,34.82693784321507
2025-11-21 02:12:00,S3,26.998659422479506,1011.2296922656645,44.589161703221805
2025-11-21 02:13:00,S3,24.525846018228844,1008.6806771706348,52.81221551476459
2025-11-21 02:14:00,S3,27.109333157537527,1002.923970058223,41.230695492163456
2025-11-21 02:15:00,S3,25.8721639102545,1006.7429306375789,38.85216095283485
2025-11-21 02:16:00,S3,31.520982161382847,1016.6495574644143,27.438676925070556
2025-11-21 02:17:00,S3,24.89420798916799,1014.5767092945033,43.36806551624641
2025-11-21 02:18:00,S3,25.765724583242896,1015.4682678265305,38.50370801049186
2025-11-21 02:19:00,S3,24.041150516568138,1003.7721018233792,40.16067116889942
2025-11-21 02:20:00,S3,25.005370681509557,1011.0209218994867,47.28179696720347
2025-11-21 02:21:00,S3,19.59632973170112,1019.8363640314104,44.00171123457102
2025-11-21 02:22:00,S3,25.931168033082063,1012.5198629734032,38.337621061406935
2025-11-21 02:23:00,S3,27.685748425898822,1006.6385263268801,28.84158434766773
2025-11-21 02:24:00,S3,25.793260009198708,1012.4419883457855,53.02311305147643
2025-11-21 02:25:00,S3,22.372277084045244,1009.1449129081738,57.52827213808473
2025-11-21 02:26:00,S3,23.396425694581996,1014.668395299727,46.032550210056264
2025-11-21 02:27:00,S3,20.139615745687458,1013.1027268944385,47.34224303545723
2025-11-21 02:28:00,S3,26.95784801373085,1015.7164833204115,50.02810515686123
2025-11-21 02:29:00,S3,22.986973414580838,1006.9103818661745,65.78783576612251
2025-11-21 02:30:00,S3,24.942582819575545,1010.7564171566745,34.32292206174229
2025-11-21 02:31:00,S3,24.69252485534556,1018.4521717069955,45.85510274127431
2025-11-21 02:32:00,S3,27.975454071316534,1006.2285997278226,32.78027035867281
2025-11-21 02:33:00,S3,25.17056263593148,1007.9844399198001,53.62318458735559
2025-11-21 02:34:00,S3,26.61778584021202,1013.9964865499603,48.560416062119884
2025-11-21 02:35:00,S3,26.092927528295323,1014.433649195419,52.02992112936077
2025-11-21 02:36:00,S3,27.718822839922797,1010.5557507862861,51.531225625910764
2025-11-21 02:37:00,S3,24.52175261099408,1011.6078355868058,59.90708253703516
2025-11-21 02:38:00,S3,28.739230661009035,1015.6661278077783,55.38132964568466
2025-11-21 02:39:00,S3,21.02867568720137,1017.2481750087993,58.305079576600875
2025-11-21 02:40:00,S3,26.71494699600247,1007.6538916735512,39.34465310103056
2025-11-21 02:41:00,S3,23.266760782671735,1014.8215976031397,61.93170864975144
2025-11-21 02:42:00,S3,24.014500894440094,1020.5600800000286,42.776372605110005
2025-11-21 02:43:00,S3,26.13882853380207,1012.4205396931943,43.351304573760196
2025-11-21 02:44:00,S3,26.122804099695486,1007.6008042310574,52.708425773529946
2025-11-21 02:45:00,S3,26.21285602738014,1007.3695404558639,53.019182630492764
2025-11-21 02:46:00,S3,22.227684111789525,1012.1963127934407,39.28143197767521
2025-11-21 02:47:00,S3,27.89806046255848,1018.1792365243381,48.26720708226103
2025-11-21 02:48:00,S3,23.19870576354465,1012.7962207507669,64.88235316869476
2025-11-21 02:49:00,S3,23.4654258195496,1013.9461598995297,35.316634384659054
2025-11-21 02:50:00,S3,26.275793476333657,1008.018291589131,64.85219241012726
2025-11-21 02:51:00,S3,24.42655765047752,1017.9155881648827,47.583015485835105
2025-11-21 02:52:00,S3,25.616521681124983,1007.2717071441732,26.62245166564847
2025-11-21 02:53:00,S3,20.686798606734424,1010.4775175786418,36.332682665170935
2025-11-21 02:54:00,S3,25.568648899038465,1016.1495743102315,40.365224622648064
2025-11-21 02:55:00,S3,25.43566375902443,1002.8028425084003,43.76070699217258
2025-11-21 02:56:00,S3,23.98028292447143,1013.8698057484286,48.95286741374662
2025-11-21 02:57:00,S3,20.851848080470422,1007.804632168041,22.965198702384278
2025-11-21 02:58:00,S3,24.57438347703679,1013.0827469945456,51.868043924776536
2025-11-21 02:59:00,S3,24.925252280402773,1011.2397219614403,39.44909491675116
2025-11-21 03:00:00,S3,24.26554201933901,1023.5291741267424,63.905225716010584
2025-11-21 03:01:00,S3,21.327651071135005,1011.0343940540005,47.298232792560256
2025-11-21 03:02:00,S3,28.18946801463383,1022.2132568644167,59.428461717327295
2025-11-21 03:03:00,S3,23.722276944111254,1015.9347614559168,61.103489799142935
2025-11-21 03:04:00,S3,24.5555906741542,1008.9927051463513,60.83273243466216
2025-11-21 03:05:00,S3,20.18105135756342,1014.6540546262988,44.33593257037514
2025-11-21 03:06:00,S3,28.189710697396414,1011.4779512683109,44.207998422786766
2025-11-21 03:07:00,S3,24.06690013653189,1014.2107874537062,47.75026700711685
2025-11-21 03:08:00,S3,25.196925634148403,1009.4305450628336,56.36237375378926
2025-11-21 03:09:00,S3,27.241474889633302,1021.4508881667298,44.89304730245837
2025-11-21 03:10:00,S3,23.647391590566748,1017.6269904539836,48.80737526409752
2025-11-21 03:11:00,S3,26.926489974773087,1013.158907840808,52.7359381633945
2025-11-21 03:12:00,S3,20.877349088117718,1021.6455738403477,40.95108073952133
2025-11-21 03:13:00,S3,26.101973315142626,1013.3713962204142,40.318917116708825
2025-11-21 03:14:00,S3,28.144484333039305,1018.4881248243058,48.4173611859601
2025-11-21 03:15:00,S3,23.83916630556394,1013.1915029376121,49.74178814951642
2025-11-21 03:16:00,S3,27.2377632405968,1014.9694379740529,54.33885480001643
2025-11-21 03:17:00,S3,28.667845304387566,1012.592806095286,56.71886574951556
2025-11-21 03:18:00,S3,24.49031632389196,1013.4765067693697,39.00937179428351
2025-11-21 03:19:00,S3,24.32494342830028,1013.85265930194,41.87915068056435
2025-11-21 03:20:00,S3,23.203412508335393,1009.651340837558,40.29247712436898
2025-11-21 03:21:00,S3,23.980539689629733,1010.9946566653846,64.12447401591422
2025-11-21 03:22:00,S3,23.369280219454758,1011.9162249175691,48.79729409797464
2025-11-21 03:23:00,S3,23.201777803145546,1014.1485550840115,50.16129295245021
2025-11-21 03:24:00,S3,27.397670593422713,1012.8471049024827,50.577743640135125
2025-11-21 03:25:00,S3,23.42014794942348,1018.8651626691285,42.843299862823606
2025-11-21 03:26:00,S3,25.517043829439245,1017.2355915948982,65.64269518946031
2025-11-21 03:27:00,S3,25.076466870432476,1012.0183622198731,54.11026654818728
2025-11-21 03:28:00,S3,27.996189125142244,1019.9089194872597,50.39590529777949
2025-11-21 03:29:00,S3,23.993687535889972,1022.3651031178773,38.94743578849434
2025-11-21 03:30:00,S3,25.762296093308645,1002.7808685253895,38.38067508343755
2025-11-21 03:31:00,S3,26.58213940455222,1017.6614504253314,46.91092468394232
2025-11-21 03:32:00,S3,27.979499214641162,1009.5350790133425,43.0000820642817
2025-11-21 03:33:00,S3,23.964493309909468,1017.0037401066165,39.32555654453448
2025-11-21 03:34:00,S3,23.76421506253524,1019.1911897032321,46.29041980428445
2025-11-21 03:35:00,S3,22.876437892079895,1008.6150370274472,47.835719717241105
2025-11-21 03:36:00,S3,29.472599241696482,1003.7383645049212,51.4178542046027
2025-11-21 03:37:00,S3,27.768944876360777,1017.1771704410793,44.96080528625737
2025-11-21 03:38:00,S3,24.915597211375914,1013.6770124124181,39.92399305339969
2025-11-21 03:39:00,S3,28.862878302254114,1004.6578062304868,40.27079114008753
2025-11-21 03:40:00,S3,24.796273211268687,1025.647822527314,62.129727292261876
2025-11-21 03:41:00,S3,26.44882094286706,1016.1220970612827,37.48242313638258
2025-11-21 03:42:00,S3,25.020343803445442,1016.3505002006258,53.6318229829127
2025-11-21 03:43:00,S3,25.795610903500943,1019.8290887628102,55.195463297743956
2025-11-21 03:44:00,S3,25.583522885067094,1010.0958802357675,48.78724524164331
2025-11-21 03:45:00,S3,24.1500292532467,1013.6522705604434,67.67829058405178
2025-11-21 03:46:00,S3,27.184997076170706,1006.4033904311012,55.01718993027699
2025-11-21 03:47:00,S3,26.431904835367803,1009.9602577635741,68.4290304830465
2025-11-21 03:48:00,S3,27.05538918700296,1014.9283000023462,43.489359980851276
2025-11-21 03:49:00,S3,25.640454370998693,1004.6735766643377,43.66054590106582
2025-11-21 03:50:00,S3,23.18686023644573,1009.8185522716096,55.27537158680015
2025-11-21 03:51:00,S3,28.418772133115404,1008.3603302003114,47.38534362680797
2025-11-21 03:52:00,S3,24.47488753286515,1013.7104612281017,66.85665424892018
2025-11-21 03:53:00,S3,25.728134057136828,1015.8735063083268,53.41700383630938
2025-11-21 03:54:00,S3,26.270762717644537,1016.7107640218823,39.55425780143284
2025-11-21 03:55:00,S3,25.714843432435238,1017.9940832238907,32.631835914559744
2025-11-21 03:56:00,S3,26.83083404246055,1019.8605842328618,49.21761407656735
2025-11-21 03:57:00,S3,27.146755844632995,1016.0362272684171,49.10876870466767
2025-11-21 03:58:00,S3,24.550332993905503,1022.4366794944721,53.13765923308387
2025-11-21 03:59:00,S3,28.250934683911293,1013.5975126063234,62.10690573755903
2025-11-21 04:00:00,S3,24.46619289167747,1012.1333942287473,60.791133039939275
2025-11-21 04:01:00,S3,25.673498097761577,1016.0365368168002,44.21098967663567
2025-11-21 04:02:00,S3,24.224643632791537,1011.917944125037,37.061805981955786
2025-11-21 04:03:00,S3,23.65305295469842,1022.2628236438752,37.6587886499093
2025-11-21 04:04:00,S3,27.08838217758173,1018.654917365676,42.631982946786216
2025-11-21 04:05:00,S3,31.24379379485209,1016.7513907209976,46.332684519609806
2025-11-21 04:06:00,S3,24.276480223359364,1013.6570967202067,53.05062138965167
2025-11-21 04:07:00,S3,27.430643149356158,1010.9626141429256,41.9903240310402
2025-11-21 04:08:00,S3,24.34817737459961,1016.5066250228388,52.80391971113314
2025-11-21 04:09:00,S3,24.979030046287992,1007.3645127407652,53.62040145859052
2025-11-21 04:10:00,S3,28.515167544463345,1020.6718176672051,51.433438825958895
2025-11-21 04:11:00,S3,22.85292942984939,1012.1118164730731,38.71377002987305
2025-11-21 04:12:00,S3,22.323681862753755,1014.5255336662036,54.67826725235958
2025-11-21 04:13:00,S3,24.825602702473702,1008.4519946190336,70.81269628766722
2025-11-21 04:14:00,S3,26.32731205587535,1016.6149313155961,52.458968269129045
2025-11-21 04:15:00,S3,25.927333143361764,1010.7312919358084,20.469248993487305
2025-11-21 04:16:00,S3,25.72135835138599,1016.2461439515255,62.40879572046903
2025-11-21 04:17:00,S3,25.068263963023156,1016.786967344887,42.97252223300613
2025-11-21 04:18:00,S3,26.57308005396784,1009.7618394320573,72.65712690495693
2025-11-21 04:19:00,S3,19.172655115910054,1007.3823543954301,51.1636345136596
2025-11-21 04:20:00,S3,23.498389389824517,1020.6594995827227,33.152993060141746
2025-11-21 04:21:00,S3,24.812775181433103,1012.0385048298546,29.353025100412474
2025-11-21 04:22:00,S3,26.40906959820502,1014.1242440802282,65.39740762675879
2025-11-21 04:23:00,S3,27.979530280137134,1015.4273226232337,61.059049859172724
2025-11-21 04:24:00,S3,23.22980058366572,1006.7314993505089,72.2601888576669
2025-11-21 04:25:00,S3,27.914157251073135,1015.3133306840995,50.109244855735554
2025-11-21 04:26:00,S3,24.094876661597276,1013.4956326807732,49.4347011662032
2025-11-21 04:27:00,S3,24.740180434038628,1009.7823465114781,46.172812078414424
2025-11-21 04:28:00,S3,26.16286503759523,1007.2173200758114,43.417097587407795
2025-11-21 04:29:00,S3,24.593527841386454,1016.0294277397863,46.07570445542184
2025-11-21 04:30:00,S3,27.220235213332636,1018.6385600409744,52.17463332324029
2025-11-21 04:31:00,S3,24.190791709773713,1013.892952586964,41.56099213087899
2025-11-21 04:32:00,S3,24.220930017439333,1005.8276732907516,33.30710653126016
2025-11-21 04:33:00,S3,27.103959908418663,1007.7133359141263,51.59876634014178
2025-11-21 04:34:00,S3,23.473751223464685,1010.8393814533797,41.338044013065684
2025-11-21 04:35:00,S3,25.49785819063332,1020.8230987058038,17.60562275059931
2025-11-21 04:36:00,S3,21.679034664612352,1011.7662466895056,55.525673906570105
2025-11-21 04:37:00,S3,28.63927870412238,1010.657155386009,38.91940961882972
2025-11-21 04:38:00,S3,27.41310387247355,1004.6325760016194,56.61789454690735
2025-11-21 04:39:00,S3,30.50021439916151,1009.7165760494495,56.37848106515981
2025-11-21 04:40:00,S3,27.67672746289277,1006.8353182300458,52.83590011522833
2025-11-21 04:41:00,S3,22.740699540799035,1007.984100845386,74.96817840356496
2025-11-21 04:42:00,S3,26.337299720321184,1013.5997534007937,48.61948150027622
2025-11-21 04:43:00,S3,23.16398247555639,1010.9941789719442,47.14360432501412
2025-11-21 04:44:00,S3,28.156075014106197,1021.4974722633567,56.83672421416917
2025-11-21 04:45:00,S3,22.797719424044857,1018.3900168635374,49.44552637886207
2025-11-21 04:46:00,S3,22.701690231520406,1009.9555803109483,61.604935373940094
2025-11-21 04:47:00,S3,21.780377092606628,1008.4159107912974,37.31194092424478
2025-11-21 04:48:00,S3,24.023240357474,1019.913209678321,37.4782555253566
2025-11-21 04:49:00,S3,23.621044350432857,1021.3002124474174,57.658094913262175
2025-11-21 04:50:00,S3,22.47670178832147,1002.0287587822723,38.35189060661396
2025-11-21 04:51:00,S3,28.979618208487047,1013.4642881198585,56.09098606442714
2025-11-21 04:52:00,S3,26.05976139277329,1011.7406084605163,53.70002846210366
2025-11-21 04:53:00,S3,25.824469079713424,1016.2456007002996,43.055117139723365
2025-11-21 04:54:00,S3,28.178328838495855,1022.7133406208076,53.67170160233434
2025-11-21 04:55:00,S3,25.512515584085868,1010.579714903361,37.65407554215761
2025-11-21 04:56:00,S3,23.50263959698972,1002.6965074266805,40.00100073736299
2025-11-21 04:57:00,S3,21.599580514964686,1015.8950385007463,47.62812261587934
2025-11-21 04:58:00,S3,23.389885215313193,1019.949820343021,50.78927819072221
2025-11-21 04:59:00,S3,28.010831201016924,1011.4812010924011,46.96361463012142
